[
  {
    "value": "dog",
    "synonyms": [
      "dog"
    ]
  },
  {
    "value": "the moon",
    "synonyms": [
      "the moon",
      "moon"
    ]
  },
  {
    "value": "bear",
    "synonyms": [
      "bear"
    ]
  },
  {
    "value": "house",
    "synonyms": [
      "house"
    ]
  },
  {
    "value": "fish",
    "synonyms": [
      "fish"
    ]
  },
  {
    "value": "space shuttle",
    "synonyms": [
      "space shuttle"
    ]
  },
  {
    "value": "Earth",
    "synonyms": [
      "Earth",
      "the earth"
    ]
  },
  {
    "value": "the galaxy",
    "synonyms": [
      "the galaxy",
      "galaxy"
    ]
  },
  {
    "value": "cat",
    "synonyms": [
      "cat"
    ]
  }
]