[
  {
    "id": "be3e9fe1-cd75-4669-9fed-863726b2f4d6",
    "data": [
      {
        "text": "Walt",
        "meta": "@sys.ignore",
        "userDefined": false
      },
      {
        "text": ", draw me a ",
        "userDefined": false
      },
      {
        "text": "cat",
        "alias": "imageObject",
        "meta": "@image-object",
        "userDefined": true
      }
    ],
    "isTemplate": false,
    "count": 0,
    "updated": 1523048415
  },
  {
    "id": "cf9e7653-eceb-4723-b8b8-86a7a940597f",
    "data": [
      {
        "text": "show me an image of a ",
        "userDefined": false
      },
      {
        "text": "dog",
        "alias": "imageObject",
        "meta": "@image-object",
        "userDefined": false
      }
    ],
    "isTemplate": false,
    "count": 0,
    "updated": 1523048415
  },
  {
    "id": "031277be-6f1c-480d-8fc2-e1fc8b94db02",
    "data": [
      {
        "text": "an image of a ",
        "userDefined": false
      },
      {
        "text": "house",
        "alias": "imageObject",
        "meta": "@image-object",
        "userDefined": true
      }
    ],
    "isTemplate": false,
    "count": 0,
    "updated": 1523048415
  },
  {
    "id": "a953776a-5c31-4fd8-b813-9920d5de5dd1",
    "data": [
      {
        "text": "I want to see an image of a ",
        "userDefined": false
      },
      {
        "text": "space shuttle",
        "alias": "imageObject",
        "meta": "@image-object",
        "userDefined": true
      }
    ],
    "isTemplate": false,
    "count": 0,
    "updated": 1523048415
  },
  {
    "id": "4bea7bf2-e008-458c-be3c-d887c822fc95",
    "data": [
      {
        "text": "image of a ",
        "userDefined": false
      },
      {
        "text": "bear",
        "alias": "imageObject",
        "meta": "@image-object",
        "userDefined": false
      },
      {
        "text": " please",
        "userDefined": false
      }
    ],
    "isTemplate": false,
    "count": 0,
    "updated": 1523048415
  }
]